ID_human,ID_mouse,mondo_id_human,mondo_id_mouse,score_human,score_mouse,pair_type,depth_human,depth_mouse,lca_depth,tree_distance
GSE100392,GSE58916,MONDO_0015075,MONDO_0009807,3.714387966045237,1.15052248565767,branch,2,2,0,4
GSE100669,GSE63679,MONDO_0003274,MONDO_0005089,1.903214739756205,1.263484429046463,branch,1,1,0,2
GSE100925,GSE77896,MONDO_0004989,MONDO_0009831,3.978429962143868,2.137767178998666,branch,2,2,0,4
GSE101419,GSE78510,MONDO_0001187,MONDO_0009831,2.101266696532556,5.392618613612327,branch,2,2,0,4
GSE101480,GSE79313,MONDO_0018874,MONDO_0011996,4.857970123045057,1.2486287172777422,branch,5,5,4,2
GSE101526,GSE71629,MONDO_0005575,MONDO_0005061,1.9104447945331224,1.8148397617804053,branch,3,3,0,6
GSE101528,GSE80083,MONDO_0008170,MONDO_0008315,1.0356408646865614,4.116692168392473,branch,3,3,1,4
GSE101665,GSE72480,MONDO_0009831,MONDO_0004989,4.2858140154395015,2.412380440757405,branch,2,2,0,4
GSE101691,GSE85491,MONDO_0004989,MONDO_0001187,1.2676825246921242,1.8316092703389697,branch,2,2,0,4
GSE101927,GSE79437,MONDO_0004989,MONDO_0100342,1.9929680662744165,4.083866177471436,branch,2,2,0,4
GSE101972,GSE65665,MONDO_0008170,MONDO_0007256,4.212056713595069,4.245581591294792,branch,3,3,0,6
GSE102097,GSE90067,MONDO_0005549,MONDO_0004643,1.266199321551045,3.544643631922829,branch,4,4,0,8
GSE102183,GSE96972,MONDO_0008315,MONDO_0024331,2.919987895657212,1.4424724823281152,branch,3,3,0,6
GSE102185,GSE89549,MONDO_0000376,MONDO_0005627,1.0837968417724553,1.0572347209884008,branch,1,1,0,2
GSE102244,GSE90059,MONDO_0018177,MONDO_0004643,4.0113540986516565,3.620433071999782,branch,4,4,0,8
GSE102305,GSE43028,MONDO_0008315,MONDO_0005061,1.497670701034389,2.439355577406172,branch,3,3,0,6
GSE102349,GSE94583,MONDO_0015459,MONDO_0007256,1.9660333431082235,4.9417259931317385,branch,3,3,2,2
GSE103001,GSE38539,MONDO_0004989,MONDO_0002108,2.7443345955571026,2.80346972569896,branch,2,2,0,4
GSE103152,GSE85648,MONDO_0009831,MONDO_0002108,1.6166589460117706,2.447948055629205,branch,2,2,0,4
GSE103305,GSE80087,MONDO_0002108,MONDO_0100342,4.455210300147066,3.275844405550001,branch,2,2,0,4
GSE103567,GSE85648,MONDO_0009693,MONDO_0002108,2.902192772448374,2.447948055629205,branch,2,2,0,4
GSE103790,GSE99233,MONDO_0016680,MONDO_0008315,1.8126211037040707,1.7998489232477948,branch,3,3,0,6
GSE103850,GSE63853,MONDO_0004989,MONDO_0100342,3.592215080802503,2.5947091579800934,branch,2,2,0,4
GSE104177,GSE72069,MONDO_0004989,MONDO_0009831,1.549828738470633,1.6538124170262154,branch,2,2,0,4
GSE104193,GSE90116,MONDO_0004989,MONDO_0009831,1.1800223409339137,2.764781132837785,branch,2,2,0,4
GSE104310,GSE72942,MONDO_0007256,MONDO_0005233,4.767474799915019,2.300083368946061,branch,3,3,1,4
GSE104836,GSE92721,MONDO_0005008,MONDO_0008315,4.50097889093876,1.7976789285190369,branch,3,3,0,6
GSE104854,GSE92721,MONDO_0005061,MONDO_0008315,4.484237525249439,1.7976789285190369,branch,3,3,0,6
GSE105083,GSE78696,MONDO_0002116,MONDO_0005575,4.685234193990768,4.103834393663368,branch,3,3,1,4
GSE106336,GSE75589,MONDO_0009831,MONDO_0100342,5.3323484204472615,3.8467304571481216,branch,2,2,0,4
GSE106338,GSE39509,MONDO_0001056,MONDO_0005836,2.270262829924244,4.1349031730232895,branch,2,2,0,4
GSE106605,GSE92301,MONDO_0007254,MONDO_0005159,1.20528142949052,5.507770747563734,branch,2,2,0,4
GSE106681,GSE58916,MONDO_0004989,MONDO_0009807,1.152243741041722,1.15052248565767,branch,2,2,0,4
GSE106694,GSE87388,MONDO_0004989,MONDO_0009831,1.152243741041722,5.446786066050785,branch,2,2,0,4
GSE106696,GSE81432,MONDO_0005575,MONDO_0008315,1.972231913927238,3.0932526151389075,branch,3,3,0,6
GSE106804,GSE90059,MONDO_0018177,MONDO_0004643,3.5021816471429004,3.620433071999782,branch,4,4,0,8
GSE107307,GSE63681,MONDO_0005089,MONDO_0000621,1.7006227343315428,1.287298778601344,branch,1,1,0,2
GSE107581,GSE86895,MONDO_0016680,MONDO_0005575,4.102177554068117,2.542893678204769,branch,3,3,0,6
GSE107601,GSE81212,MONDO_0016680,MONDO_0005575,4.595192915303225,1.4238668989676864,branch,3,3,0,6
GSE107762,GSE72146,MONDO_0004989,MONDO_0005096,4.0829610237724205,1.0084004118560723,branch,2,2,1,2
GSE107848,GSE80433,MONDO_0006295,MONDO_0002813,3.5063374184722456,1.2069677947773607,branch,1,1,0,2
GSE108003,GSE76123,MONDO_0018874,MONDO_0011996,3.807701933118014,1.719477574446753,branch,5,5,4,2
GSE108013,GSE63194,MONDO_0020665,MONDO_0005089,2.726396693648851,1.654832541122509,branch,1,1,0,2
GSE108072,GSE66457,MONDO_0009831,MONDO_0005096,5.782226591922466,2.79428758730084,branch,2,2,0,4
GSE108308,GSE72146,MONDO_0004989,MONDO_0005096,2.0790353386687386,1.0084004118560723,branch,2,2,1,2
GSE108883,GSE81941,MONDO_0004989,MONDO_0007254,2.5971524348449395,2.6849691676126,branch,2,2,2,0
GSE111520,GSE64867,MONDO_0001056,MONDO_0005096,3.5849292270712634,4.008523012417667,branch,2,2,0,4
GSE113695,GSE75589,MONDO_0002108,MONDO_0100342,2.262035392028455,3.8467304571481216,branch,2,2,0,4
GSE114725,GSE93313,MONDO_0004989,MONDO_0009831,3.403208058683193,4.807728386526056,branch,2,2,0,4
GSE114885,GSE86261,MONDO_0009693,MONDO_0009831,5.283150066151651,4.069892002382243,branch,2,2,0,4
GSE117632,GSE77693,MONDO_0018177,MONDO_0004643,3.1906663505254387,1.2485349592072976,branch,4,4,0,8
GSE119587,GSE87623,MONDO_0006512,MONDO_0004643,1.070902585839211,2.997606909092132,branch,4,4,0,8
GSE119794,GSE39509,MONDO_0009831,MONDO_0005836,5.976370344497893,4.1349031730232895,branch,2,2,0,4
GSE122818,GSE41286,MONDO_0009831,MONDO_0004989,5.232641042735133,1.055383358525064,branch,2,2,0,4
GSE122953,GSE93313,MONDO_0004989,MONDO_0009831,1.2827758041390558,4.807728386526056,branch,2,2,0,4
GSE125506,GSE86301,MONDO_0009831,MONDO_0004989,4.906429804703225,3.942355102552644,branch,2,2,0,4
GSE125629,GSE74762,MONDO_0100342,MONDO_0005096,2.96457625972125,1.9436286254909567,branch,2,2,0,4
GSE125802,GSE77646,MONDO_0004989,MONDO_0005159,3.6319577067226847,3.7217404350842407,branch,2,2,1,2
GSE126007,GSE84448,MONDO_0006325,MONDO_0005233,3.2003293363415883,2.085328247943657,branch,3,3,0,6
GSE20116,GSE40171,MONDO_0005096,MONDO_0009831,3.995623941217028,3.4669804046272645,branch,2,2,0,4
GSE24283,GSE68472,MONDO_0008315,MONDO_0008170,3.5331717792270703,3.232237888754923,branch,3,3,1,4
GSE24455,GSE84447,MONDO_0006295,MONDO_0000376,2.5014124343729125,2.502870581270334,branch,1,1,0,2
GSE24491,GSE76992,MONDO_0004989,MONDO_0009831,1.867627881196344,1.7246120736900592,branch,2,2,0,4
GSE27823,GSE70046,MONDO_0008315,MONDO_0005061,1.7531614033932883,3.8686145352827466,branch,3,3,0,6
GSE29119,GSE63526,MONDO_0004989,MONDO_0009831,3.720085933416829,3.499742311168116,branch,2,2,0,4
GSE29580,GSE57043,MONDO_0005814,MONDO_0005138,3.573394878496084,1.601910341874819,branch,2,2,0,4
GSE31539,GSE101678,MONDO_0006513,MONDO_0021063,1.003025149384582,1.144102921016778,branch,4,4,0,8
GSE32726,GSE100276,MONDO_0005061,MONDO_0005575,4.098864503135324,3.5008860696372697,branch,3,3,0,6
GSE33776,GSE68220,MONDO_0004989,MONDO_0001187,4.266565740283406,2.417962469961965,branch,2,2,0,4
GSE34740,GSE101994,MONDO_0011996,MONDO_0005494,2.7014361644624185,1.240583036796228,branch,5,5,0,10
GSE34914,GSE95478,MONDO_0005233,MONDO_0005192,4.690373792532358,2.8139623635405613,branch,3,3,1,4
GSE35178,GSE58916,MONDO_0001187,MONDO_0009807,2.9568524843205988,1.15052248565767,branch,2,2,0,4
GSE35587,GSE81420,MONDO_0011996,MONDO_0018874,1.0006271025977005,4.672255011508943,branch,5,5,4,2
GSE36070,GSE58801,MONDO_0005575,MONDO_0010150,1.47103883961908,1.0162090860446864,branch,3,3,0,6
GSE36266,GSE92301,MONDO_0007254,MONDO_0005159,2.5749255456165234,5.507770747563734,branch,2,2,0,4
GSE36863,GSE70046,MONDO_0005590,MONDO_0005061,2.853135593274532,3.8686145352827466,branch,3,3,2,2
GSE36866,GSE79313,MONDO_0018874,MONDO_0011996,2.5223163463059004,1.2486287172777422,branch,5,5,4,2
GSE37764,GSE58801,MONDO_0005233,MONDO_0010150,3.815041421596285,1.0162090860446864,branch,3,3,1,4
GSE37918,GSE102345,MONDO_0004989,MONDO_0100342,4.000978906295796,4.116155063299962,branch,2,2,0,4
GSE38234,GSE87623,MONDO_0006512,MONDO_0004643,1.92409276275183,2.997606909092132,branch,4,4,0,8
GSE38790,GSE92301,MONDO_0004989,MONDO_0005159,3.172611542777846,5.507770747563734,branch,2,2,1,2
GSE38945,GSE71629,MONDO_0007256,MONDO_0005061,3.156507405294162,1.8148397617804053,branch,3,3,2,2
GSE40049,GSE108811,MONDO_0004989,MONDO_0009831,4.555750374488866,3.840439309773752,branch,2,2,0,4
GSE40050,GSE78696,MONDO_0008315,MONDO_0005575,4.508904320909577,4.103834393663368,branch,3,3,0,6
GSE40174,GSE72480,MONDO_0009831,MONDO_0004989,3.478867708929458,2.412380440757405,branch,2,2,0,4
GSE40665,GSE86111,MONDO_0006512,MONDO_0021063,1.0505336539934649,1.592247885206758,branch,4,4,0,8
GSE41074,GSE76033,MONDO_0007256,MONDO_0005061,2.8085067623906315,3.425567720763131,branch,3,3,2,2
GSE41245,GSE74762,MONDO_0007254,MONDO_0005096,2.569329005244993,1.9436286254909567,branch,2,2,0,4
GSE42146,GSE90070,MONDO_0004643,MONDO_0006513,3.908093922629937,1.2957035936384065,branch,4,4,0,8
GSE42948,GSE53782,MONDO_0004989,MONDO_0001056,4.392208757833066,2.581246722821819,branch,2,2,0,4
GSE43296,GSE94082,MONDO_0007254,MONDO_0002367,1.4834665027945877,1.189485138917408,branch,2,2,0,4
GSE43306,GSE95478,MONDO_0006256,MONDO_0005192,1.849442221861909,2.8139623635405613,branch,3,3,1,4
GSE43726,GSE76498,MONDO_0004989,MONDO_0009831,3.8976242496072095,4.333921116063412,branch,2,2,0,4
GSE43785,GSE94583,MONDO_0008315,MONDO_0007256,4.824654432696539,4.9417259931317385,branch,3,3,0,6
GSE43835,GSE57043,MONDO_0004989,MONDO_0005138,2.1093252712171524,1.601910341874819,branch,2,2,1,2
GSE44052,GSE38539,MONDO_0004989,MONDO_0002108,4.058068239477613,2.80346972569896,branch,2,2,0,4
GSE45202,GSE94566,MONDO_0004989,MONDO_0009831,3.3001673843314907,3.976412664592291,branch,2,2,0,4
GSE45258,GSE104305,MONDO_0005008,MONDO_0008315,1.2417079320372373,2.1234702702272803,branch,3,3,0,6
GSE45332,GSE99233,MONDO_0005575,MONDO_0008315,3.050916465677437,1.7998489232477948,branch,3,3,0,6
GSE45419,GSE54246,MONDO_0004989,MONDO_0005096,2.5866640563817005,3.3932404556549645,branch,2,2,1,2
GSE45732,GSE64867,MONDO_0004989,MONDO_0005096,3.664608253254779,4.008523012417667,branch,2,2,1,2
GSE46044,GSE65636,MONDO_0004643,MONDO_0006513,1.8707318006983875,1.2632275217228102,branch,4,4,0,8
GSE46164,GSE79313,MONDO_0018874,MONDO_0011996,4.743384003394027,1.2486287172777422,branch,5,5,4,2
GSE46718,GSE70031,MONDO_0018874,MONDO_0011996,4.875775302806254,2.0667960145152926,branch,5,5,4,2
GSE47058,GSE86288,MONDO_0005096,MONDO_0009831,3.1549639404511174,2.4115859288256987,branch,2,2,0,4
GSE47462,GSE98690,MONDO_0004989,MONDO_0002108,4.697588816769634,2.010586524670061,branch,2,2,0,4
GSE48159,GSE72628,MONDO_0006513,MONDO_0004643,2.2945999708348213,2.4289213886931647,branch,4,4,0,8
GSE48213,GSE98690,MONDO_0004989,MONDO_0002108,4.855190503675422,2.010586524670061,branch,2,2,0,4
GSE48403,GSE83991,MONDO_0008315,MONDO_0005061,4.289960853274408,4.212185261618645,branch,3,3,0,6
GSE48599,GSE87606,MONDO_0005096,MONDO_0009831,1.881719945064482,3.8988321676811672,branch,2,2,0,4
GSE48603,GSE92721,MONDO_0024331,MONDO_0008315,1.5392152048269507,1.7976789285190369,branch,3,3,0,6
GSE48843,GSE101994,MONDO_0018874,MONDO_0005494,3.6072535786898334,1.240583036796228,branch,5,5,0,10
GSE48850,GSE66551,MONDO_0002108,MONDO_0009831,4.187343312308942,1.0520368705015588,branch,2,2,0,4
GSE49155,GSE72990,MONDO_0005096,MONDO_0009831,3.152061261265032,1.7560335187735931,branch,2,2,0,4
GSE49642,GSE76123,MONDO_0018874,MONDO_0011996,4.616381718519622,1.719477574446753,branch,5,5,4,2
GSE49994,GSE81424,MONDO_0018531,MONDO_0008315,3.551001541921765,4.392281107165073,branch,3,3,0,6
GSE50760,GSE70046,MONDO_0005008,MONDO_0005061,4.592505812402711,3.8686145352827466,branch,3,3,2,2
GSE51005,GSE76033,MONDO_0008315,MONDO_0005061,3.36540171742098,3.425567720763131,branch,3,3,0,6
GSE51428,GSE76075,MONDO_0004989,MONDO_0007254,3.0457230622233262,2.630105572809785,branch,2,2,2,0
GSE51827,GSE81316,MONDO_0004989,MONDO_0005836,3.8350741815257785,2.8703165758395035,branch,2,2,0,4
GSE52036,GSE54113,MONDO_0007254,MONDO_0002108,1.2453240493115012,1.2030454559135486,branch,2,2,0,4
GSE52194,GSE58801,MONDO_0006116,MONDO_0010150,4.992426516717609,1.0162090860446864,branch,3,3,1,4
GSE52248,GSE51144,MONDO_0005061,MONDO_0005233,2.702346360499714,4.537982504584051,branch,3,3,3,0
GSE52367,GSE60982,MONDO_0002715,MONDO_0007256,2.000181488229545,4.465482733123085,branch,3,3,0,6
GSE52643,GSE81316,MONDO_0004989,MONDO_0005836,4.362478385173078,2.8703165758395035,branch,2,2,0,4
GSE52656,GSE101994,MONDO_0018874,MONDO_0005494,4.616381718519622,1.240583036796228,branch,5,5,0,10
GSE52687,GSE87388,MONDO_0007254,MONDO_0009831,1.9451253739886545,5.446786066050785,branch,2,2,0,4
GSE52695,GSE90116,MONDO_0001416,MONDO_0009831,2.471918650080675,2.764781132837785,branch,2,2,0,4
GSE53300,GSE40171,MONDO_0004989,MONDO_0009831,3.294684944173555,3.4669804046272645,branch,2,2,0,4
GSE53370,GSE108811,MONDO_0004989,MONDO_0009831,1.8457751678341527,3.840439309773752,branch,2,2,0,4
GSE53470,GSE71629,MONDO_0008315,MONDO_0005061,2.719387851111295,1.8148397617804053,branch,3,3,0,6
GSE53499,GSE71531,MONDO_0011996,MONDO_0018874,1.4040260070904087,3.81124235629158,branch,5,5,4,2
GSE53532,GSE84703,MONDO_0004989,MONDO_0002129,4.629905691579089,2.05281174578392,branch,2,2,0,4
GSE54074,GSE77323,MONDO_0024331,MONDO_0007256,1.5108933657364243,4.396689055356394,branch,3,3,2,2
GSE54159,GSE83991,MONDO_0015459,MONDO_0005061,3.3374741525664287,4.212185261618645,branch,3,3,1,4
GSE54392,GSE75589,MONDO_0007254,MONDO_0100342,1.070653648496031,3.8467304571481216,branch,2,2,0,4
GSE54478,GSE76123,MONDO_0018874,MONDO_0011996,3.1140350646078163,1.719477574446753,branch,5,5,4,2
GSE54734,GSE45893,MONDO_0005089,MONDO_0005627,1.8115493845994013,1.750375230156051,branch,1,1,0,2
GSE55005,GSE90625,MONDO_0007254,MONDO_0009831,2.687812491429446,2.094764112928915,branch,2,2,0,4
GSE55807,GSE85648,MONDO_0004989,MONDO_0002108,3.7277718030381055,2.447948055629205,branch,2,2,0,4
GSE55922,GSE92301,MONDO_0004989,MONDO_0005159,1.3549079218940343,5.507770747563734,branch,2,2,1,2
GSE56022,GSE83651,MONDO_0006116,MONDO_0008315,1.9076558869898408,4.108459122180579,branch,3,3,0,6
GSE56660,GSE67270,MONDO_0005814,MONDO_0001056,3.3132626831655743,1.5909888213065515,branch,2,2,1,2
GSE56701,GSE60837,MONDO_0008315,MONDO_0005575,2.7040095111467988,3.7276323927864814,branch,3,3,0,6
GSE56742,GSE89419,MONDO_0003274,MONDO_0005089,1.5176887853413388,2.1046983433488435,branch,1,1,0,2
GSE56882,GSE67270,MONDO_0004989,MONDO_0001056,3.714012822553,1.5909888213065515,branch,2,2,0,4
GSE56900,GSE42605,MONDO_0005089,MONDO_0002516,4.176894682612599,1.239593237127516,branch,1,1,0,2
GSE57078,GSE59831,MONDO_0008315,MONDO_0005061,3.050831483131987,4.5491169927936985,branch,3,3,0,6
GSE57243,GSE79437,MONDO_0007254,MONDO_0100342,2.694595697766652,4.083866177471436,branch,2,2,0,4
GSE57478,GSE76075,MONDO_0009693,MONDO_0007254,5.463757655241716,2.630105572809785,branch,2,2,0,4
GSE57501,GSE81476,MONDO_0002813,MONDO_0005089,2.4732578928211795,3.005063337312499,branch,1,1,0,2
GSE57530,GSE89549,MONDO_0005089,MONDO_0005627,1.3478208060355978,1.0572347209884008,branch,1,1,0,2
GSE57681,GSE77410,MONDO_0008903,MONDO_0009831,2.92201755050914,1.26695661687392,branch,2,2,0,4
GSE57872,GSE76184,MONDO_0005872,MONDO_0020665,2.0005329416968816,2.907458976408594,branch,1,1,0,2
GSE57925,GSE77896,MONDO_0009807,MONDO_0009831,1.0144545253837058,2.137767178998666,branch,2,2,0,4
GSE58008,GSE57043,MONDO_0004989,MONDO_0005138,1.6902481993609244,1.601910341874819,branch,2,2,1,2
GSE58135,GSE80083,MONDO_0006256,MONDO_0008315,5.883292766916348,4.116692168392473,branch,3,3,0,6
GSE58326,GSE79437,MONDO_0004989,MONDO_0100342,2.252031992267663,4.083866177471436,branch,2,2,0,4
GSE58345,GSE94583,MONDO_0016680,MONDO_0007256,4.595098092994284,4.9417259931317385,branch,3,3,0,6
GSE58379,GSE74138,MONDO_0007254,MONDO_0001187,3.206748363406478,1.325259061760668,branch,2,2,0,4
GSE58586,GSE92721,MONDO_0008170,MONDO_0008315,2.2384778955313567,1.7976789285190369,branch,3,3,1,4
GSE58708,GSE93279,MONDO_0004989,MONDO_0009831,4.137125609031153,4.523134346641617,branch,2,2,0,4
GSE59066,GSE71877,MONDO_0005086,MONDO_0005061,3.694043519074333,2.423129068639251,branch,3,3,2,2
GSE59223,GSE57804,MONDO_0005814,MONDO_0004989,2.533635735317912,1.5395035340354803,branch,2,2,0,4
GSE59290,GSE80083,MONDO_0005575,MONDO_0008315,3.1010825994626385,4.116692168392473,branch,3,3,0,6
GSE59483,GSE67270,MONDO_0001187,MONDO_0001056,3.925154101282499,1.5909888213065515,branch,2,2,0,4
GSE59531,GSE39509,MONDO_0004989,MONDO_0005836,3.516783637971223,4.1349031730232895,branch,2,2,0,4
GSE59535,GSE94566,MONDO_0004989,MONDO_0009831,2.5838050882120007,3.976412664592291,branch,2,2,0,4
GSE59536,GSE67476,MONDO_0004989,MONDO_0001056,1.8869622065698624,2.1745647198563414,branch,2,2,0,4
GSE59612,GSE97489,MONDO_0020665,MONDO_0005089,3.596082955986964,2.610966458672149,branch,1,1,0,2
GSE59810,GSE101678,MONDO_0000618,MONDO_0021063,2.0277318769325605,1.144102921016778,branch,4,4,0,8
GSE60065,GSE88905,MONDO_0011996,MONDO_0018874,3.290818847447236,3.5580997999231685,branch,5,5,4,2
GSE60106,GSE83298,MONDO_0005575,MONDO_0008315,2.1570814448497497,4.161732494388352,branch,3,3,0,6
GSE60182,GSE78510,MONDO_0004989,MONDO_0009831,3.6119665268729775,5.392618613612327,branch,2,2,0,4
GSE60407,GSE66457,MONDO_0009831,MONDO_0005096,3.929144686626484,2.79428758730084,branch,2,2,0,4
GSE60477,GSE71493,MONDO_0000637,MONDO_0020665,1.6004625231624727,3.425670835208587,branch,1,1,0,2
GSE60997,GSE83651,MONDO_0006256,MONDO_0008315,1.320413446672002,4.108459122180579,branch,3,3,0,6
GSE61290,GSE74138,MONDO_0009831,MONDO_0001187,5.32350963759877,1.325259061760668,branch,2,2,0,4
GSE61727,GSE72146,MONDO_0004989,MONDO_0005096,3.925227850553165,1.0084004118560723,branch,2,2,1,2
GSE62093,GSE95478,MONDO_0008170,MONDO_0005192,4.984779079399629,2.8139623635405613,branch,3,3,0,6
GSE62118,GSE54246,MONDO_0008903,MONDO_0005096,1.3708790230818169,3.3932404556549645,branch,2,2,0,4
GSE62121,GSE101994,MONDO_0011996,MONDO_0005494,2.057335687013709,1.240583036796228,branch,5,5,0,10
GSE62190,GSE70031,MONDO_0018874,MONDO_0011996,4.616381718519622,2.0667960145152926,branch,5,5,4,2
GSE62212,GSE55310,MONDO_0018177,MONDO_0004643,2.7971085335394013,1.256944281727079,branch,4,4,0,8
GSE62563,GSE90116,MONDO_0100342,MONDO_0009831,4.017561815078397,2.764781132837785,branch,2,2,0,4
GSE62731,GSE78228,MONDO_0018177,MONDO_0005034,4.317659549743061,1.069317228391897,branch,4,4,0,8
GSE62789,GSE89823,MONDO_0004989,MONDO_0001187,2.8878915501888875,2.8270163999397973,branch,2,2,0,4
GSE62905,GSE45893,MONDO_0002516,MONDO_0005627,1.7544157291191624,1.750375230156051,branch,1,1,0,2
GSE62966,GSE94566,MONDO_0007254,MONDO_0009831,2.768146490230464,3.976412664592291,branch,2,2,0,4
GSE63122,GSE77646,MONDO_0002108,MONDO_0005159,2.275161662538266,3.7217404350842407,branch,2,2,0,4
GSE63124,GSE86301,MONDO_0009831,MONDO_0004989,2.755433137388155,3.942355102552644,branch,2,2,0,4
GSE63183,GSE62125,MONDO_0006295,MONDO_0005627,4.580361237296743,1.3929281650934016,branch,1,1,0,2
GSE63381,GSE68472,MONDO_0021345,MONDO_0008170,2.7788787514905304,3.232237888754923,branch,3,3,0,6
GSE63452,GSE58916,MONDO_0004989,MONDO_0009807,2.416079645866966,1.15052248565767,branch,2,2,0,4
GSE63485,GSE101994,MONDO_0018874,MONDO_0005494,3.379240529781724,1.240583036796228,branch,5,5,0,10
GSE63511,GSE86261,MONDO_0015075,MONDO_0009831,5.557125674606863,4.069892002382243,branch,2,2,0,4
GSE63582,GSE79889,MONDO_0000618,MONDO_0018177,2.27162105194916,2.091821608152164,branch,4,4,0,8
GSE63646,GSE98063,MONDO_0018874,MONDO_0011996,3.725661205419641,1.1762566400237688,branch,5,5,4,2
GSE63721,GSE66457,MONDO_0007254,MONDO_0005096,1.969416039226778,2.79428758730084,branch,2,2,0,4
GSE63764,GSE74762,MONDO_0001056,MONDO_0005096,2.9942880357986765,1.9436286254909567,branch,2,2,0,4
GSE63840,GSE89992,MONDO_0009831,MONDO_0005814,3.3393094712541256,1.3146355413731337,branch,2,2,1,2
GSE63950,GSE76033,MONDO_0024331,MONDO_0005061,1.7335194584996336,3.425567720763131,branch,3,3,1,4
GSE64017,GSE104305,MONDO_0024331,MONDO_0008315,1.7200065475452144,2.1234702702272803,branch,3,3,0,6
GSE64082,GSE104264,MONDO_0008315,MONDO_0005061,3.136766501877497,3.7650631842915256,branch,3,3,0,6
GSE64317,GSE84759,MONDO_0009693,MONDO_0009831,3.6310873672756014,3.788488394771003,branch,2,2,0,4
GSE64367,GSE66551,MONDO_0004989,MONDO_0009831,4.060041323147027,1.0520368705015588,branch,2,2,0,4
GSE64399,GSE79014,MONDO_0005086,MONDO_0008315,3.659077605661442,1.44468936594353,branch,3,3,0,6
GSE64451,GSE71493,MONDO_0006295,MONDO_0020665,2.565767181462,3.425670835208587,branch,1,1,0,2
GSE64558,GSE70981,MONDO_0009831,MONDO_0009693,3.371002564318734,1.4860607299885884,branch,2,2,0,4
GSE64590,GSE102345,MONDO_0004989,MONDO_0100342,3.640189576581653,4.116155063299962,branch,2,2,0,4
GSE64912,GSE102345,MONDO_0015075,MONDO_0100342,4.71518788310569,4.116155063299962,branch,2,2,0,4
GSE65235,GSE65636,MONDO_0004643,MONDO_0006513,3.1307535291951107,1.2632275217228102,branch,4,4,0,8
GSE65335,GSE78696,MONDO_0019086,MONDO_0005575,2.997490861387391,4.103834393663368,branch,3,3,1,4
GSE65420,GSE41286,MONDO_0008903,MONDO_0004989,1.7233637949580105,1.055383358525064,branch,2,2,1,2
GSE65485,GSE79014,MONDO_0007256,MONDO_0008315,4.338894031969107,1.44468936594353,branch,3,3,0,6
GSE66036,GSE98048,MONDO_0005159,MONDO_0005138,5.783295455158481,3.15547578879245,branch,2,2,1,2
GSE66158,GSE85648,MONDO_0004989,MONDO_0002108,1.169253068202435,2.447948055629205,branch,2,2,0,4
GSE66200,GSE74762,MONDO_0100342,MONDO_0005096,3.662486314211148,1.9436286254909567,branch,2,2,0,4
GSE66301,GSE72942,MONDO_0005590,MONDO_0005233,2.804968208480883,2.300083368946061,branch,3,3,1,4
GSE66556,GSE71843,MONDO_0000376,MONDO_0005089,1.2613855159643623,2.869130899674688,branch,1,1,0,2
GSE66741,GSE63681,MONDO_0006295,MONDO_0000621,2.5706055306984235,1.287298778601344,branch,1,1,0,2
GSE66917,GSE70031,MONDO_0018874,MONDO_0011996,4.616381718519622,2.0667960145152926,branch,5,5,4,2
GSE67109,GSE67681,MONDO_0024331,MONDO_0008315,2.976331646978757,2.1655671934158662,branch,3,3,0,6
GSE67295,GSE80087,MONDO_0004989,MONDO_0100342,3.977069460520952,3.275844405550001,branch,2,2,0,4
GSE67713,GSE77410,MONDO_0005096,MONDO_0009831,1.8506221427675376,1.26695661687392,branch,2,2,0,4
GSE68042,GSE92301,MONDO_0007254,MONDO_0005159,1.3163098438087404,5.507770747563734,branch,2,2,0,4
GSE68228,GSE106901,MONDO_0007254,MONDO_0009831,3.350536823603404,2.2073039907770218,branch,2,2,0,4
GSE68297,GSE72942,MONDO_0005575,MONDO_0005233,1.971740095027698,2.300083368946061,branch,3,3,0,6
GSE68358,GSE93279,MONDO_0004989,MONDO_0009831,4.204687055773192,4.523134346641617,branch,2,2,0,4
GSE68452,GSE79889,MONDO_0002974,MONDO_0018177,1.773906043677948,2.091821608152164,branch,4,4,0,8
GSE68795,GSE60837,MONDO_0005233,MONDO_0005575,4.509924245425847,3.7276323927864814,branch,3,3,0,6
GSE68799,GSE59831,MONDO_0021345,MONDO_0005061,2.4920601191991816,4.5491169927936985,branch,3,3,1,4
GSE68800,GSE76724,MONDO_0016680,MONDO_0008315,3.248883323694679,3.360477932400424,branch,3,3,0,6
GSE68815,GSE60853,MONDO_0004989,MONDO_0001056,3.927704985436777,1.264389472644171,branch,2,2,0,4
GSE68872,GSE79014,MONDO_0010150,MONDO_0008315,3.851175134988732,1.44468936594353,branch,3,3,0,6
GSE68925,GSE76123,MONDO_0018874,MONDO_0011996,3.3714922772858005,1.719477574446753,branch,5,5,4,2
GSE69036,GSE71877,MONDO_0005575,MONDO_0005061,2.380369429090273,2.423129068639251,branch,3,3,0,6
GSE69114,GSE75589,MONDO_0004989,MONDO_0100342,3.1879060608406644,3.8467304571481216,branch,2,2,0,4
GSE69125,GSE108811,MONDO_0007254,MONDO_0009831,2.981785091515066,3.840439309773752,branch,2,2,0,4
GSE69164,GSE86895,MONDO_0007256,MONDO_0005575,4.648767563289617,2.542893678204769,branch,3,3,1,4
GSE69197,GSE89264,MONDO_0005086,MONDO_0021345,2.7748581633446925,2.1613140260026897,branch,3,3,1,4
GSE69240,GSE84759,MONDO_0004989,MONDO_0009831,2.737825849044043,3.788488394771003,branch,2,2,0,4
GSE69896,GSE76033,MONDO_0008315,MONDO_0005061,4.205313121814063,3.425567720763131,branch,3,3,0,6
GSE70073,GSE43028,MONDO_0008170,MONDO_0005061,4.6033028292953055,2.439355577406172,branch,3,3,0,6
GSE70078,GSE65665,MONDO_0008315,MONDO_0007256,5.082423311338246,4.245581591294792,branch,3,3,0,6
GSE70404,GSE87388,MONDO_0004989,MONDO_0009831,3.801983916920231,5.446786066050785,branch,2,2,0,4
GSE70537,GSE104264,MONDO_0007256,MONDO_0005061,3.0299197424859785,3.7650631842915256,branch,3,3,2,2
GSE70665,GSE77195,MONDO_0005515,MONDO_0001056,1.3041909543675831,1.206252572597246,branch,2,2,1,2
GSE70959,GSE100820,MONDO_0011996,MONDO_0018874,2.570091521719204,2.991231406337651,branch,5,5,4,2
GSE70968,GSE83298,MONDO_0005061,MONDO_0008315,4.936488820408085,4.161732494388352,branch,3,3,0,6
GSE71009,GSE89636,MONDO_0004989,MONDO_0009831,2.376470291247192,3.407003707198932,branch,2,2,0,4
GSE71012,GSE94239,MONDO_0004989,MONDO_0100342,3.2190382742354453,2.94058323230958,branch,2,2,0,4
GSE71070,GSE76033,MONDO_0008315,MONDO_0005061,4.658192043832705,3.425567720763131,branch,3,3,0,6
GSE71074,GSE58801,MONDO_0008170,MONDO_0010150,2.009438460827815,1.0162090860446864,branch,3,3,0,6
GSE71120,GSE62125,MONDO_0005089,MONDO_0005627,2.5372351688385155,1.3929281650934016,branch,1,1,0,2
GSE71203,GSE63853,MONDO_0004989,MONDO_0100342,2.012352569989724,2.5947091579800934,branch,2,2,0,4
GSE71299,GSE81420,MONDO_0011996,MONDO_0018874,2.3227559391112726,4.672255011508943,branch,5,5,4,2
GSE71334,GSE43028,MONDO_0008315,MONDO_0005061,1.4033565079720438,2.439355577406172,branch,3,3,0,6
GSE71541,GSE76123,MONDO_0018874,MONDO_0011996,3.1741071258263114,1.719477574446753,branch,5,5,4,2
GSE71686,GSE76123,MONDO_0018874,MONDO_0011996,4.4663478488494,1.719477574446753,branch,5,5,4,2
GSE71689,GSE98063,MONDO_0018874,MONDO_0011996,4.4663478488494,1.1762566400237688,branch,5,5,4,2
GSE71740,GSE76123,MONDO_0018874,MONDO_0011996,3.3186358492174493,1.719477574446753,branch,5,5,4,2
GSE71797,GSE78696,MONDO_0008315,MONDO_0005575,2.725465771187475,4.103834393663368,branch,3,3,0,6
GSE71800,GSE101994,MONDO_0018874,MONDO_0005494,4.693419313206416,1.240583036796228,branch,5,5,0,10
GSE71840,GSE79313,MONDO_0018874,MONDO_0011996,4.464761901947312,1.2486287172777422,branch,5,5,4,2
GSE71862,GSE58916,MONDO_0004989,MONDO_0009807,3.742011677550022,1.15052248565767,branch,2,2,0,4
GSE71900,GSE80433,MONDO_0002516,MONDO_0002813,1.1126477913583566,1.2069677947773607,branch,1,1,0,2
GSE71960,GSE51372,MONDO_0004989,MONDO_0009831,4.2331742957063065,3.4378683463453816,branch,2,2,0,4
GSE72001,GSE81212,MONDO_0005061,MONDO_0005575,2.540716240401465,1.4238668989676864,branch,3,3,0,6
GSE72041,GSE76123,MONDO_0018874,MONDO_0011996,4.470279747938016,1.719477574446753,branch,5,5,4,2
GSE72061,GSE70031,MONDO_0018874,MONDO_0011996,4.588648818763313,2.0667960145152926,branch,5,5,4,2
GSE72468,GSE77323,MONDO_0016680,MONDO_0007256,4.014515240192363,4.396689055356394,branch,3,3,0,6
GSE72475,GSE65665,MONDO_0016680,MONDO_0007256,4.2207298090391685,4.245581591294792,branch,3,3,0,6
GSE72483,GSE95478,MONDO_0008315,MONDO_0005192,3.251882485950808,2.8139623635405613,branch,3,3,0,6
GSE72524,GSE76498,MONDO_0004989,MONDO_0009831,4.069797542520937,4.333921116063412,branch,2,2,0,4
GSE72631,GSE89264,MONDO_0005575,MONDO_0021345,3.177506669724647,2.1613140260026897,branch,3,3,1,4
GSE72956,GSE100276,MONDO_0005233,MONDO_0005575,2.459193465196384,3.5008860696372697,branch,3,3,0,6
GSE73268,GSE78696,MONDO_0007256,MONDO_0005575,3.5475380607483102,4.103834393663368,branch,3,3,1,4
GSE73317,GSE65665,MONDO_0024331,MONDO_0007256,1.4316258794570942,4.245581591294792,branch,3,3,2,2
GSE73370,GSE67071,MONDO_0004989,MONDO_0007254,3.567918977145558,2.288089085126068,branch,2,2,2,0
GSE73526,GSE77083,MONDO_0004989,MONDO_0009831,4.053679185582235,4.18424915256352,branch,2,2,0,4
GSE73527,GSE85810,MONDO_0004989,MONDO_0007254,4.194819453953285,2.08764346080727,branch,2,2,2,0
GSE73555,GSE81212,MONDO_0005061,MONDO_0005575,4.363009142600742,1.4238668989676864,branch,3,3,0,6
GSE73573,GSE77896,MONDO_0100342,MONDO_0009831,3.476475812985606,2.137767178998666,branch,2,2,0,4
GSE73610,GSE76184,MONDO_0005089,MONDO_0020665,4.012549296242272,2.907458976408594,branch,1,1,0,2
GSE73663,GSE63756,MONDO_0006512,MONDO_0006513,1.779366160515568,1.9245797683185528,branch,4,4,3,2
GSE73857,GSE80087,MONDO_0004989,MONDO_0100342,3.820572981662404,3.275844405550001,branch,2,2,0,4
GSE74031,GSE108811,MONDO_0007254,MONDO_0009831,3.258791416962533,3.840439309773752,branch,2,2,0,4
GSE74230,GSE112204,MONDO_0009807,MONDO_0007254,1.6933959556698954,1.0232192157333124,branch,2,2,0,4
GSE74251,GSE99233,MONDO_0024331,MONDO_0008315,1.558636939125988,1.7998489232477948,branch,3,3,0,6
GSE74417,GSE46688,MONDO_0004989,MONDO_0100342,4.632869809410286,4.190608660463423,branch,2,2,0,4
GSE74484,GSE89419,MONDO_0000376,MONDO_0005089,2.080905628156405,2.1046983433488435,branch,1,1,0,2
GSE74493,GSE62125,MONDO_0003274,MONDO_0005627,1.07725146813912,1.3929281650934016,branch,1,1,0,2
GSE74516,GSE71304,MONDO_0018177,MONDO_0021063,3.29976504896198,1.0680345040360992,branch,4,4,0,8
GSE74557,GSE90070,MONDO_0018177,MONDO_0006513,3.5951476443812607,1.2957035936384065,branch,4,4,0,8
GSE74639,GSE58801,MONDO_0005061,MONDO_0010150,5.401752504386593,1.0162090860446864,branch,3,3,1,4
GSE74698,GSE70046,MONDO_0008315,MONDO_0005061,3.480303721083865,3.8686145352827466,branch,3,3,0,6
GSE74718,GSE85648,MONDO_0004989,MONDO_0002108,3.692784365841419,2.447948055629205,branch,2,2,0,4
GSE74734,GSE89992,MONDO_0002367,MONDO_0005814,1.6862495410147782,1.3146355413731337,branch,2,2,0,4
GSE74927,GSE84448,MONDO_0002715,MONDO_0005233,1.6828294913850643,2.085328247943657,branch,3,3,0,6
GSE74928,GSE101994,MONDO_0018874,MONDO_0005494,3.620826875016486,1.240583036796228,branch,5,5,0,10
GSE74941,GSE68220,MONDO_0004989,MONDO_0001187,2.786136173546979,2.417962469961965,branch,2,2,0,4
GSE74958,GSE71843,MONDO_0006295,MONDO_0005089,2.859733939906977,2.869130899674688,branch,1,1,0,2
GSE74981,GSE112204,MONDO_0004989,MONDO_0007254,3.394909517551924,1.0232192157333124,branch,2,2,2,0
GSE75059,GSE89992,MONDO_0002108,MONDO_0005814,3.2453562307690333,1.3146355413731337,branch,2,2,0,4
GSE75130,GSE98690,MONDO_0004989,MONDO_0002108,4.487780855560702,2.010586524670061,branch,2,2,0,4
GSE75147,GSE62621,MONDO_0018177,MONDO_0006512,3.772357296587188,1.2891654191411972,branch,4,4,0,8
GSE75168,GSE94082,MONDO_0004989,MONDO_0002367,3.621778770915941,1.189485138917408,branch,2,2,0,4
GSE75215,GSE70031,MONDO_0018874,MONDO_0011996,2.772740729911296,2.0667960145152926,branch,5,5,4,2
GSE75367,GSE70981,MONDO_0004989,MONDO_0009693,2.905184608614979,1.4860607299885884,branch,2,2,0,4
GSE75602,GSE112204,MONDO_0008903,MONDO_0007254,1.3707863017167707,1.0232192157333124,branch,2,2,1,2
GSE75664,GSE76498,MONDO_0004989,MONDO_0009831,3.4714276081988165,4.333921116063412,branch,2,2,0,4
GSE75688,GSE80087,MONDO_0004989,MONDO_0100342,4.512236690646121,3.275844405550001,branch,2,2,0,4
GSE75741,GSE87388,MONDO_0004989,MONDO_0009831,3.239755197923324,5.446786066050785,branch,2,2,0,4
GSE75742,GSE72146,MONDO_0004989,MONDO_0005096,3.22877678562943,1.0084004118560723,branch,2,2,1,2
GSE75792,GSE77967,MONDO_0011996,MONDO_0018874,1.223679215986343,1.980944618941855,branch,5,5,4,2
GSE75797,GSE64867,MONDO_0009831,MONDO_0005096,4.385237672000118,4.008523012417667,branch,2,2,0,4
GSE75859,GSE42605,MONDO_0005089,MONDO_0002516,3.822882314206925,1.239593237127516,branch,1,1,0,2
GSE75885,GSE71493,MONDO_0005089,MONDO_0020665,1.158908382194738,3.425670835208587,branch,1,1,0,2
GSE75935,GSE39509,MONDO_0001416,MONDO_0005836,1.962948583386212,4.1349031730232895,branch,2,2,1,2
GSE75962,GSE58801,MONDO_0005575,MONDO_0010150,1.7048519972095657,1.0162090860446864,branch,3,3,0,6
GSE76025,GSE67476,MONDO_0009831,MONDO_0001056,3.133064728673604,2.1745647198563414,branch,2,2,1,2
GSE76199,GSE86568,MONDO_0005206,MONDO_0009831,2.1322660881325124,2.529775346247221,branch,2,2,0,4
GSE76307,GSE43028,MONDO_0005008,MONDO_0005061,4.48367166678262,2.439355577406172,branch,3,3,2,2
GSE76433,GSE67071,MONDO_0004989,MONDO_0007254,3.655952815182094,2.288089085126068,branch,2,2,2,0
GSE76445,GSE63526,MONDO_0002108,MONDO_0009831,4.946125309836641,3.499742311168116,branch,2,2,0,4
GSE76453,GSE98860,MONDO_0004989,MONDO_0009831,4.576170104963476,3.0616703202493327,branch,2,2,0,4
GSE76464,GSE76123,MONDO_0018874,MONDO_0011996,2.813698700385724,1.719477574446753,branch,5,5,4,2
GSE76487,GSE76992,MONDO_0007254,MONDO_0009831,1.9200856431609,1.7246120736900592,branch,2,2,0,4
GSE76507,GSE90459,MONDO_0006512,MONDO_0018177,1.5318577470675483,4.834907786175387,branch,4,4,0,8
GSE76747,GSE101994,MONDO_0018874,MONDO_0005494,2.4354738670682194,1.240583036796228,branch,5,5,0,10
GSE77179,GSE94566,MONDO_0004989,MONDO_0009831,3.501628595884249,3.976412664592291,branch,2,2,0,4
GSE77250,GSE62621,MONDO_0021063,MONDO_0006512,1.9734183549253543,1.2891654191411972,branch,4,4,0,8
GSE77308,GSE102345,MONDO_0004989,MONDO_0100342,1.0591733296042232,4.116155063299962,branch,2,2,0,4
GSE77422,GSE71217,MONDO_0004993,MONDO_0000621,1.975044698091096,1.0582941644188943,branch,1,1,0,2
GSE77460,GSE41286,MONDO_0005836,MONDO_0004989,2.3491664624033093,1.055383358525064,branch,2,2,0,4
GSE77530,GSE78228,MONDO_0018177,MONDO_0005034,5.006391703949052,1.069317228391897,branch,4,4,0,8
GSE77568,GSE83651,MONDO_0008170,MONDO_0008315,1.33110079379835,4.108459122180579,branch,3,3,1,4
GSE77624,GSE102345,MONDO_0005836,MONDO_0100342,4.978418194785744,4.116155063299962,branch,2,2,0,4
GSE77635,GSE76498,MONDO_0005814,MONDO_0009831,3.101146872077422,4.333921116063412,branch,2,2,1,2
GSE77737,GSE95478,MONDO_0005575,MONDO_0005192,3.709745015137083,2.8139623635405613,branch,3,3,1,4
GSE77950,GSE90625,MONDO_0005096,MONDO_0009831,2.635633785898984,2.094764112928915,branch,2,2,0,4
GSE77992,GSE83991,MONDO_0007256,MONDO_0005061,3.927274030305987,4.212185261618645,branch,3,3,2,2
GSE78011,GSE53782,MONDO_0004989,MONDO_0001056,4.116510064466838,2.581246722821819,branch,2,2,0,4
GSE78167,GSE67071,MONDO_0004989,MONDO_0007254,4.085785005345538,2.288089085126068,branch,2,2,2,0
GSE78199,GSE78228,MONDO_0006512,MONDO_0005034,1.296248352185748,1.069317228391897,branch,4,4,1,6
GSE78236,GSE84448,MONDO_0007256,MONDO_0005233,3.0658235699402514,2.085328247943657,branch,3,3,1,4
GSE78285,GSE63526,MONDO_0004989,MONDO_0009831,4.620533903626702,3.499742311168116,branch,2,2,0,4
GSE78527,GSE92301,MONDO_0004989,MONDO_0005159,4.107670627415322,5.507770747563734,branch,2,2,1,2
GSE78705,GSE83298,MONDO_0007256,MONDO_0008315,2.589676967964392,4.161732494388352,branch,3,3,0,6
GSE78918,GSE70981,MONDO_0004989,MONDO_0009693,2.5744023955527804,1.4860607299885884,branch,2,2,0,4
GSE79183,GSE69285,MONDO_0005627,MONDO_0005089,1.97437413335384,1.8005943362701828,branch,1,1,0,2
GSE79249,GSE77323,MONDO_0024331,MONDO_0007256,2.2860371681669003,4.396689055356394,branch,3,3,2,2
GSE79256,GSE71877,MONDO_0001657,MONDO_0005061,1.1658727576105188,2.423129068639251,branch,3,3,0,6
GSE79338,GSE54113,MONDO_0100342,MONDO_0002108,2.422646494908536,1.2030454559135486,branch,2,2,0,4
GSE79400,GSE74762,MONDO_0002108,MONDO_0005096,2.1172410183981456,1.9436286254909567,branch,2,2,0,4
GSE79586,GSE74138,MONDO_0007254,MONDO_0001187,2.857466615074078,1.325259061760668,branch,2,2,0,4
GSE79668,GSE38539,MONDO_0009831,MONDO_0002108,5.822839859470201,2.80346972569896,branch,2,2,0,4
GSE79671,GSE71304,MONDO_0018177,MONDO_0021063,2.739737706763486,1.0680345040360992,branch,4,4,0,8
GSE79779,GSE71531,MONDO_0011996,MONDO_0018874,1.2913652529604311,3.81124235629158,branch,5,5,4,2
GSE80098,GSE67270,MONDO_0004989,MONDO_0001056,3.6334035166113696,1.5909888213065515,branch,2,2,0,4
GSE80137,GSE55310,MONDO_0018177,MONDO_0004643,1.074999414487735,1.256944281727079,branch,4,4,0,8
GSE80176,GSE72146,MONDO_0004989,MONDO_0005096,2.022015927049534,1.0084004118560723,branch,2,2,1,2
GSE80297,GSE89992,MONDO_0004989,MONDO_0005814,4.247343985843882,1.3146355413731337,branch,2,2,0,4
GSE80333,GSE85810,MONDO_0004989,MONDO_0007254,3.603493978824477,2.08764346080727,branch,2,2,2,0
GSE80358,GSE75589,MONDO_0004989,MONDO_0100342,2.296816638250625,3.8467304571481216,branch,2,2,0,4
GSE80388,GSE85648,MONDO_0001056,MONDO_0002108,6.575701315765405,2.447948055629205,branch,2,2,0,4
GSE80551,GSE51372,MONDO_0005836,MONDO_0009831,1.1822283442294428,3.4378683463453816,branch,2,2,0,4
GSE80619,GSE86568,MONDO_0004989,MONDO_0009831,1.5533643375565551,2.529775346247221,branch,2,2,0,4
GSE80722,GSE77410,MONDO_0004989,MONDO_0009831,4.053190900708286,1.26695661687392,branch,2,2,0,4
GSE80746,GSE80433,MONDO_0003274,MONDO_0002813,1.6029279188789782,1.2069677947773607,branch,1,1,0,2
GSE80774,GSE101994,MONDO_0018874,MONDO_0005494,2.4743631136806448,1.240583036796228,branch,5,5,0,10
GSE80802,GSE40171,MONDO_0008903,MONDO_0009831,3.4656781284902007,3.4669804046272645,branch,2,2,0,4
GSE81032,GSE63194,MONDO_0003274,MONDO_0005089,1.0899757002349706,1.654832541122509,branch,1,1,0,2
GSE81043,GSE58801,MONDO_0016680,MONDO_0010150,1.695205983755666,1.0162090860446864,branch,3,3,0,6
GSE81062,GSE76123,MONDO_0018874,MONDO_0011996,3.587370263487501,1.719477574446753,branch,5,5,4,2
GSE81089,GSE54246,MONDO_0005138,MONDO_0005096,4.149406308966214,3.3932404556549645,branch,2,2,1,2
GSE81157,GSE102345,MONDO_0001187,MONDO_0100342,2.778061988718968,4.116155063299962,branch,2,2,0,4
GSE81162,GSE77410,MONDO_0004989,MONDO_0009831,4.361330436180135,1.26695661687392,branch,2,2,0,4
GSE81167,GSE86895,MONDO_0005061,MONDO_0005575,3.68984257049409,2.542893678204769,branch,3,3,0,6
GSE81201,GSE93313,MONDO_0001187,MONDO_0009831,5.172498175635189,4.807728386526056,branch,2,2,0,4
GSE81328,GSE79313,MONDO_0018874,MONDO_0011996,4.341760816519611,1.2486287172777422,branch,5,5,4,2
GSE81412,GSE57147,MONDO_0011996,MONDO_0018874,1.4654886396296791,3.3293446737709025,branch,5,5,4,2
GSE81429,GSE104305,MONDO_0005008,MONDO_0008315,1.4943233026271143,2.1234702702272803,branch,3,3,0,6
GSE81443,GSE51372,MONDO_0009693,MONDO_0009831,1.3334889306976088,3.4378683463453816,branch,2,2,0,4
GSE81493,GSE59831,MONDO_0008315,MONDO_0005061,4.240237564069816,4.5491169927936985,branch,3,3,0,6
GSE81747,GSE63312,MONDO_0011996,MONDO_0018874,1.301797258279427,4.460140980264469,branch,5,5,4,2
GSE81748,GSE49088,MONDO_0011996,MONDO_0018874,1.30209137308652,4.394218452802569,branch,5,5,4,2
GSE81749,GSE57147,MONDO_0011996,MONDO_0018874,1.3305113440191931,3.3293446737709025,branch,5,5,4,2
GSE81750,GSE90136,MONDO_0011996,MONDO_0018874,1.2855246198326769,3.926579939355463,branch,5,5,4,2
GSE81796,GSE86895,MONDO_0008315,MONDO_0005575,2.637541800807816,2.542893678204769,branch,3,3,0,6
GSE81978,GSE70135,MONDO_0007254,MONDO_0001056,1.1041412527886525,2.021761666389872,branch,2,2,0,4
GSE82032,GSE94566,MONDO_0004989,MONDO_0009831,1.7598333477647392,3.976412664592291,branch,2,2,0,4
GSE82070,GSE76075,MONDO_0009807,MONDO_0007254,1.0137618143589249,2.630105572809785,branch,2,2,0,4
GSE82110,GSE71843,MONDO_0002516,MONDO_0005089,2.50946089209938,2.869130899674688,branch,1,1,0,2
GSE83479,GSE64411,MONDO_0005089,MONDO_0020665,2.158097886821244,2.293272905924255,branch,1,1,0,2
GSE83492,GSE84448,MONDO_0005061,MONDO_0005233,4.678116953881526,2.085328247943657,branch,3,3,3,0
GSE83518,GSE100276,MONDO_0007256,MONDO_0005575,2.905628175879801,3.5008860696372697,branch,3,3,1,4
GSE83520,GSE94082,MONDO_0015075,MONDO_0002367,4.162441269009459,1.189485138917408,branch,2,2,0,4
GSE83547,GSE68472,MONDO_0008315,MONDO_0008170,2.189584838318814,3.232237888754923,branch,3,3,1,4
GSE83560,GSE89823,MONDO_0015075,MONDO_0001187,5.4934354669427305,2.8270163999397973,branch,2,2,0,4
GSE83611,GSE67071,MONDO_0004989,MONDO_0007254,2.1621075738955144,2.288089085126068,branch,2,2,2,0
GSE83649,GSE60837,MONDO_0008315,MONDO_0005575,4.103775263203514,3.7276323927864814,branch,3,3,0,6
GSE83652,GSE43028,MONDO_0008315,MONDO_0005061,4.132439874658199,2.439355577406172,branch,3,3,0,6
GSE83660,GSE86609,MONDO_0004643,MONDO_0006512,2.824151256922673,1.3468571789349508,branch,4,4,0,8
GSE83816,GSE64867,MONDO_0009831,MONDO_0005096,4.684619152744068,4.008523012417667,branch,2,2,0,4
GSE83919,GSE85810,MONDO_0002108,MONDO_0007254,5.269790328434727,2.08764346080727,branch,2,2,0,4
GSE84023,GSE81424,MONDO_0005192,MONDO_0008315,6.274877186818558,4.392281107165073,branch,3,3,0,6
GSE84054,GSE85731,MONDO_0004989,MONDO_0005814,3.261728724084371,4.187895988392337,branch,2,2,0,4
GSE84323,GSE74138,MONDO_0005096,MONDO_0001187,2.96830898681117,1.325259061760668,branch,2,2,0,4
GSE84339,GSE112204,MONDO_0005096,MONDO_0007254,5.192736142998088,1.0232192157333124,branch,2,2,0,4
GSE84359,GSE98063,MONDO_0018874,MONDO_0011996,3.101546686818881,1.1762566400237688,branch,5,5,4,2
GSE84425,GSE81432,MONDO_0008170,MONDO_0008315,3.0395756045690154,3.0932526151389075,branch,3,3,1,4
GSE84432,GSE83991,MONDO_0008315,MONDO_0005061,3.4555667161299866,4.212185261618645,branch,3,3,0,6
GSE84465,GSE65636,MONDO_0018177,MONDO_0006513,3.963580178484926,1.2632275217228102,branch,4,4,0,8
GSE84577,GSE68220,MONDO_0004989,MONDO_0001187,3.5392053827147434,2.417962469961965,branch,2,2,0,4
GSE84776,GSE40171,MONDO_0005096,MONDO_0009831,2.9278481343784124,3.4669804046272645,branch,2,2,0,4
GSE84789,GSE63853,MONDO_0008903,MONDO_0100342,2.979531664855043,2.5947091579800934,branch,2,2,0,4
GSE84829,GSE70046,MONDO_0008170,MONDO_0005061,1.5952830772532094,3.8686145352827466,branch,3,3,0,6
GSE84863,GSE86111,MONDO_0006513,MONDO_0021063,1.079234873321826,1.592247885206758,branch,4,4,0,8
GSE84902,GSE71629,MONDO_0005575,MONDO_0005061,2.9632103823475924,1.8148397617804053,branch,3,3,0,6
GSE84944,GSE70031,MONDO_0018874,MONDO_0011996,4.617813909217135,2.0667960145152926,branch,5,5,4,2
GSE85008,GSE98063,MONDO_0018874,MONDO_0011996,3.3659945449909974,1.1762566400237688,branch,5,5,4,2
GSE85088,GSE108811,MONDO_0004989,MONDO_0009831,1.7330050467983975,3.840439309773752,branch,2,2,0,4
GSE85107,GSE79313,MONDO_0018874,MONDO_0011996,4.081713233469217,1.2486287172777422,branch,5,5,4,2
GSE85118,GSE77323,MONDO_0005233,MONDO_0007256,4.124777218625616,4.396689055356394,branch,3,3,1,4
GSE85187,GSE65383,MONDO_0011996,MONDO_0018874,1.9479230829810028,3.085891003287954,branch,5,5,4,2
GSE85297,GSE65665,MONDO_0016680,MONDO_0007256,1.7276928730229155,4.245581591294792,branch,3,3,0,6
GSE85541,GSE96972,MONDO_0008315,MONDO_0024331,2.5897231723502965,1.4424724823281152,branch,3,3,0,6
GSE85557,GSE70031,MONDO_0005494,MONDO_0011996,1.5866986823127265,2.0667960145152926,branch,5,5,0,10
GSE85579,GSE71877,MONDO_0006116,MONDO_0005061,4.823173098835986,2.423129068639251,branch,3,3,1,4
GSE85685,GSE79014,MONDO_0005575,MONDO_0008315,3.153381918123131,1.44468936594353,branch,3,3,0,6
GSE85941,GSE84703,MONDO_0100342,MONDO_0002129,1.3220468754369186,2.05281174578392,branch,2,2,0,4
GSE86151,GSE98063,MONDO_0018874,MONDO_0011996,3.6367948243491175,1.1762566400237688,branch,5,5,4,2
GSE86159,GSE108811,MONDO_0004989,MONDO_0009831,2.5279432497302268,3.840439309773752,branch,2,2,0,4
GSE86165,GSE65665,MONDO_0005575,MONDO_0007256,1.6796532417593124,4.245581591294792,branch,3,3,1,4
GSE86202,GSE62621,MONDO_0018177,MONDO_0006512,4.052688731987836,1.2891654191411972,branch,4,4,0,8
GSE86237,GSE77195,MONDO_0100342,MONDO_0001056,2.527359927788377,1.206252572597246,branch,2,2,0,4
GSE86348,GSE70135,MONDO_0100342,MONDO_0001056,3.444803763928576,2.021761666389872,branch,2,2,0,4
GSE86387,GSE95478,MONDO_0008315,MONDO_0005192,2.78493675972677,2.8139623635405613,branch,3,3,0,6
GSE86506,GSE76123,MONDO_0018874,MONDO_0011996,3.901064380962316,1.719477574446753,branch,5,5,4,2
GSE86518,GSE90067,MONDO_0018177,MONDO_0004643,3.1107554930965167,3.544643631922829,branch,4,4,0,8
GSE86538,GSE93313,MONDO_0007254,MONDO_0009831,2.5896596615254617,4.807728386526056,branch,2,2,0,4
GSE86562,GSE81941,MONDO_0005814,MONDO_0007254,1.2303680816883336,2.6849691676126,branch,2,2,0,4
GSE86563,GSE83964,MONDO_0005814,MONDO_0001056,1.238018638362918,2.938312916321,branch,2,2,1,2
GSE86564,GSE84759,MONDO_0005814,MONDO_0009831,1.2453848229345144,3.788488394771003,branch,2,2,1,2
GSE86602,GSE80083,MONDO_0018531,MONDO_0008315,1.1254083235150485,4.116692168392473,branch,3,3,0,6
GSE86874,GSE76724,MONDO_0005233,MONDO_0008315,3.428676499024648,3.360477932400424,branch,3,3,0,6
GSE86896,GSE84759,MONDO_0007254,MONDO_0009831,1.3332783025352348,3.788488394771003,branch,2,2,0,4
GSE86958,GSE104305,MONDO_0005061,MONDO_0008315,4.7225713828403215,2.1234702702272803,branch,3,3,0,6
GSE87087,GSE76724,MONDO_0008170,MONDO_0008315,5.684920810480865,3.360477932400424,branch,3,3,1,4
GSE87285,GSE79313,MONDO_0018874,MONDO_0011996,3.416782834678276,1.2486287172777422,branch,5,5,4,2
GSE87307,GSE67071,MONDO_0002108,MONDO_0007254,3.3963750015006964,2.288089085126068,branch,2,2,0,4
GSE87400,GSE104264,MONDO_0005575,MONDO_0005061,3.428440211087632,3.7650631842915256,branch,3,3,0,6
GSE87456,GSE67634,MONDO_0010150,MONDO_0024331,1.1989249138409357,1.367704553560417,branch,3,3,1,4
GSE87517,GSE63526,MONDO_0004989,MONDO_0009831,3.721667601105495,3.499742311168116,branch,2,2,0,4
GSE87535,GSE70046,MONDO_0016680,MONDO_0005061,4.841342299602204,3.8686145352827466,branch,3,3,0,6
GSE87615,GSE89264,MONDO_0016680,MONDO_0021345,2.315333084128385,2.1613140260026897,branch,3,3,0,6
GSE87617,GSE55310,MONDO_0018177,MONDO_0004643,2.211004179068527,1.256944281727079,branch,4,4,0,8
GSE88943,GSE86895,MONDO_0005233,MONDO_0005575,4.273482747042186,2.542893678204769,branch,3,3,0,6
GSE88945,GSE93279,MONDO_0005814,MONDO_0009831,3.140310179337962,4.523134346641617,branch,2,2,1,2
GSE89127,GSE89419,MONDO_0002516,MONDO_0005089,1.2169030379697354,2.1046983433488435,branch,1,1,0,2
GSE89152,GSE62125,MONDO_0003274,MONDO_0005627,1.071775655318708,1.3929281650934016,branch,1,1,0,2
GSE89154,GSE100276,MONDO_0024331,MONDO_0005575,1.5637369198558797,3.5008860696372697,branch,3,3,3,0
GSE89205,GSE72146,MONDO_0007254,MONDO_0005096,2.4962067192315955,1.0084004118560723,branch,2,2,0,4
GSE89223,GSE74429,MONDO_0005159,MONDO_0009831,3.949753185151764,2.590082974032878,branch,2,2,0,4
GSE89225,GSE77646,MONDO_0004989,MONDO_0005159,4.646663655622873,3.7217404350842407,branch,2,2,1,2
GSE89511,GSE68220,MONDO_0009693,MONDO_0001187,5.532725423583249,2.417962469961965,branch,2,2,0,4
GSE89569,GSE85731,MONDO_0005138,MONDO_0005814,1.1914150472863014,4.187895988392337,branch,2,2,0,4
GSE89623,GSE101678,MONDO_0018177,MONDO_0021063,3.376019347683094,1.144102921016778,branch,4,4,0,8
GSE89745,GSE80083,MONDO_0016680,MONDO_0008315,4.29495139774327,4.116692168392473,branch,3,3,0,6
GSE89777,GSE98063,MONDO_0018874,MONDO_0011996,3.841581837047468,1.1762566400237688,branch,5,5,4,2
GSE89843,GSE39509,MONDO_0008903,MONDO_0005836,3.917296945166985,4.1349031730232895,branch,2,2,0,4
GSE89917,GSE95478,MONDO_0008315,MONDO_0005192,2.9302762189107305,2.8139623635405613,branch,3,3,0,6
GSE89930,GSE72480,MONDO_0009807,MONDO_0004989,1.316286630940381,2.412380440757405,branch,2,2,0,4
GSE90463,GSE66551,MONDO_0005159,MONDO_0009831,5.659836290101639,1.0520368705015588,branch,2,2,0,4
GSE90491,GSE94583,MONDO_0024331,MONDO_0007256,1.0196003200650057,4.9417259931317385,branch,3,3,2,2
GSE90519,GSE81424,MONDO_0006116,MONDO_0008315,2.2032275873925866,4.392281107165073,branch,3,3,0,6
GSE90781,GSE72990,MONDO_0008903,MONDO_0009831,2.6507282971466712,1.7560335187735931,branch,2,2,0,4
GSE90830,GSE81941,MONDO_0005814,MONDO_0007254,4.440628221493443,2.6849691676126,branch,2,2,0,4
GSE90944,GSE94566,MONDO_0005814,MONDO_0009831,3.804238111383961,3.976412664592291,branch,2,2,1,2
GSE91000,GSE81941,MONDO_0005814,MONDO_0007254,3.395622764117146,2.6849691676126,branch,2,2,0,4
GSE91016,GSE87623,MONDO_0018177,MONDO_0004643,3.8035076438662703,2.997606909092132,branch,4,4,0,8
GSE91061,GSE41293,MONDO_0000376,MONDO_0005089,1.5466536616307716,3.832009852723407,branch,1,1,0,2
GSE92316,GSE63526,MONDO_0004989,MONDO_0009831,2.659698873592517,3.499742311168116,branch,2,2,0,4
GSE92574,GSE83991,MONDO_0008315,MONDO_0005061,2.989460080958369,4.212185261618645,branch,3,3,0,6
GSE92581,GSE72066,MONDO_0009831,MONDO_0005096,3.907258855611715,1.216112159136762,branch,2,2,0,4
GSE92651,GSE74490,MONDO_0001187,MONDO_0009831,1.1216539996495904,5.527179305754368,branch,2,2,0,4
GSE92744,GSE98063,MONDO_0018874,MONDO_0011996,4.8302563802377785,1.1762566400237688,branch,5,5,4,2
GSE92910,GSE86288,MONDO_0004989,MONDO_0009831,3.516658806492896,2.4115859288256987,branch,2,2,0,4
GSE92943,GSE66551,MONDO_0004989,MONDO_0009831,4.089019449703135,1.0520368705015588,branch,2,2,0,4
GSE93057,GSE94082,MONDO_0004989,MONDO_0002367,4.692250208634247,1.189485138917408,branch,2,2,0,4
GSE93124,GSE104264,MONDO_0024331,MONDO_0005061,1.5888150508679155,3.7650631842915256,branch,3,3,1,4
GSE93326,GSE72480,MONDO_0009831,MONDO_0004989,2.9727295274643883,2.412380440757405,branch,2,2,0,4
GSE93636,GSE60853,MONDO_0007254,MONDO_0001056,2.8783942007641024,1.264389472644171,branch,2,2,0,4
GSE93813,GSE84447,MONDO_0005872,MONDO_0000376,1.406149119223254,2.502870581270334,branch,1,1,0,2
GSE93831,GSE71629,MONDO_0007256,MONDO_0005061,3.6961530118039296,1.8148397617804053,branch,3,3,2,2
GSE93925,GSE102345,MONDO_0007254,MONDO_0100342,1.59416579968948,4.116155063299962,branch,2,2,0,4
GSE94126,GSE106901,MONDO_0009807,MONDO_0009831,2.033662608462046,2.2073039907770218,branch,2,2,0,4
GSE94344,GSE79313,MONDO_0018874,MONDO_0011996,3.47554869803558,1.2486287172777422,branch,5,5,4,2
GSE94405,GSE77323,MONDO_0005233,MONDO_0007256,3.100835703897907,4.396689055356394,branch,3,3,1,4
GSE94461,GSE76123,MONDO_0018874,MONDO_0011996,4.812752879053756,1.719477574446753,branch,5,5,4,2
GSE94464,GSE89992,MONDO_0015075,MONDO_0005814,5.427825455737955,1.3146355413731337,branch,2,2,0,4
GSE94493,GSE67270,MONDO_0004989,MONDO_0001056,4.938461161399919,1.5909888213065515,branch,2,2,0,4
GSE94502,GSE45893,MONDO_0005089,MONDO_0005627,1.9847337844080808,1.750375230156051,branch,1,1,0,2
GSE94869,GSE78696,MONDO_0019086,MONDO_0005575,2.266298681651147,4.103834393663368,branch,3,3,1,4
GSE95106,GSE62621,MONDO_0018177,MONDO_0006512,2.8197828444739703,1.2891654191411972,branch,4,4,0,8
GSE95132,GSE104305,MONDO_0005575,MONDO_0008315,3.222571819135007,2.1234702702272803,branch,3,3,0,6
GSE95176,GSE85810,MONDO_0009831,MONDO_0007254,3.3430238761319773,2.08764346080727,branch,2,2,0,4
GSE95293,GSE77083,MONDO_0004989,MONDO_0009831,4.311618152300564,4.18424915256352,branch,2,2,0,4
GSE95299,GSE53782,MONDO_0004989,MONDO_0001056,3.7566978308118806,2.581246722821819,branch,2,2,0,4
GSE95304,GSE89823,MONDO_0004989,MONDO_0001187,4.838427033457087,2.8270163999397973,branch,2,2,0,4
GSE95375,GSE95478,MONDO_0006116,MONDO_0005192,1.8911916846603605,2.8139623635405613,branch,3,3,1,4
GSE95392,GSE90067,MONDO_0018177,MONDO_0004643,3.906388154024351,3.544643631922829,branch,4,4,0,8
GSE95413,GSE81212,MONDO_0008315,MONDO_0005575,2.8511024096547346,1.4238668989676864,branch,3,3,0,6
GSE95513,GSE51144,MONDO_0005575,MONDO_0005233,3.2155680238238933,4.537982504584051,branch,3,3,0,6
GSE95540,GSE63679,MONDO_0003274,MONDO_0005089,1.7924780690334,1.263484429046463,branch,1,1,0,2
GSE95558,GSE68220,MONDO_0008903,MONDO_0001187,4.140067062736956,2.417962469961965,branch,2,2,0,4
GSE95605,GSE67634,MONDO_0005008,MONDO_0024331,2.049371193887552,1.367704553560417,branch,3,3,3,0
GSE95750,GSE67634,MONDO_0021345,MONDO_0024331,2.356520902387829,1.367704553560417,branch,3,3,2,2
GSE95778,GSE95478,MONDO_0007256,MONDO_0005192,1.9198824646756016,2.8139623635405613,branch,3,3,2,2
GSE96106,GSE84448,MONDO_0005061,MONDO_0005233,4.845209651502237,2.085328247943657,branch,3,3,3,0
GSE96682,GSE58801,MONDO_0016680,MONDO_0010150,3.4904470539645054,1.0162090860446864,branch,3,3,0,6
GSE96827,GSE97389,MONDO_0011996,MONDO_0018874,1.31860085791279,3.826421464669248,branch,5,5,4,2
GSE96860,GSE72990,MONDO_0004989,MONDO_0009831,4.287679049985376,1.7560335187735931,branch,2,2,0,4
GSE96914,GSE92721,MONDO_0005575,MONDO_0008315,3.6869768715698448,1.7976789285190369,branch,3,3,0,6
GSE97168,GSE79014,MONDO_0005061,MONDO_0008315,3.237276903286277,1.44468936594353,branch,3,3,0,6
GSE97204,GSE100276,MONDO_0008315,MONDO_0005575,4.709980874463858,3.5008860696372697,branch,3,3,0,6
GSE97215,GSE81316,MONDO_0009831,MONDO_0005836,3.022073952153105,2.8703165758395035,branch,2,2,0,4
GSE97239,GSE98048,MONDO_0001187,MONDO_0005138,4.7106123645478775,3.15547578879245,branch,2,2,0,4
GSE97317,GSE93279,MONDO_0007254,MONDO_0009831,1.4904794907335743,4.523134346641617,branch,2,2,0,4
GSE97388,GSE89264,MONDO_0008170,MONDO_0021345,3.711594672483086,2.1613140260026897,branch,3,3,0,6
GSE97443,GSE98063,MONDO_0018874,MONDO_0011996,4.307837855517132,1.1762566400237688,branch,5,5,4,2
GSE97632,GSE83651,MONDO_0016680,MONDO_0008315,3.844614056087289,4.108459122180579,branch,3,3,0,6
GSE97647,GSE90116,MONDO_0007254,MONDO_0009831,1.886067043142596,2.764781132837785,branch,2,2,0,4
GSE97726,GSE71843,MONDO_0003274,MONDO_0005089,1.2897180096506846,2.869130899674688,branch,1,1,0,2
GSE98091,GSE100276,MONDO_0007256,MONDO_0005575,1.657531646213167,3.5008860696372697,branch,3,3,1,4
GSE98310,GSE98063,MONDO_0018874,MONDO_0011996,4.141846521781098,1.1762566400237688,branch,5,5,4,2
GSE98393,GSE64867,MONDO_0007254,MONDO_0005096,2.273041604995498,4.008523012417667,branch,2,2,0,4
GSE98623,GSE79889,MONDO_0004643,MONDO_0018177,2.1091221513576315,2.091821608152164,branch,4,4,0,8
GSE98898,GSE94583,MONDO_0008315,MONDO_0007256,4.449325438286249,4.9417259931317385,branch,3,3,0,6
GSE99060,GSE53782,MONDO_0004989,MONDO_0001056,4.784916855504355,2.581246722821819,branch,2,2,0,4
GSE99356,GSE81941,MONDO_0009693,MONDO_0007254,3.2913320685919496,2.6849691676126,branch,2,2,0,4
GSE99385,GSE76033,MONDO_0016680,MONDO_0005061,1.421402061399277,3.425567720763131,branch,3,3,0,6
GSE99392,GSE63756,MONDO_0002974,MONDO_0006513,3.276494589144695,1.9245797683185528,branch,4,4,0,8
GSE99479,GSE85731,MONDO_0004989,MONDO_0005814,3.0437715360716733,4.187895988392337,branch,2,2,0,4
GSE99596,GSE77646,MONDO_0004989,MONDO_0005159,3.620575335634383,3.7217404350842407,branch,2,2,1,2
GSE99626,GSE70135,MONDO_0004989,MONDO_0001056,2.652913789637995,2.021761666389872,branch,2,2,0,4
GSE99671,GSE76184,MONDO_0005089,MONDO_0020665,2.406966678603794,2.907458976408594,branch,1,1,0,2
GSE99812,GSE76992,MONDO_0100342,MONDO_0009831,3.090315221430622,1.7246120736900592,branch,2,2,0,4
GSE99821,GSE76724,MONDO_0024331,MONDO_0008315,1.7384053336770506,3.360477932400424,branch,3,3,0,6
GSE99824,GSE84703,MONDO_0005159,MONDO_0002129,1.071744499367827,2.05281174578392,branch,2,2,0,4
GSE99825,GSE85193,MONDO_0011996,MONDO_0018874,1.5356021893800749,4.16837069433296,branch,5,5,4,2
GSE99857,GSE71629,MONDO_0008315,MONDO_0005061,3.3522349375654885,1.8148397617804053,branch,3,3,0,6
